Summary,Issue key,Issue id,Issue Type,Status,Project key,Project name,Project type,Project lead,Project lead id,Project description,Project url,Priority,Resolution,Assignee,Assignee Id,Reporter,Reporter Id,Creator,Creator Id,Created,Updated,Last Viewed,Resolved,Fix versions,Due date,Votes,Labels,Labels,Labels,Labels,Labels,Description,Environment,Watchers,Watchers,Watchers,Watchers,Watchers,Watchers,Watchers Id,Watchers Id,Watchers Id,Watchers Id,Watchers Id,Watchers Id,Log Work,Log Work,Log Work,Log Work,Original estimate,Remaining Estimate,Time Spent,Work Ratio,Σ Original Estimate,Σ Remaining Estimate,Σ Time Spent,Security Level,Outward issue link (cloners),Inward issue link (relate),Attachment,Attachment,Attachment,Custom field (# of Product Reopens),Custom field (# of QA Reopens),Custom field (Actual Completion Date),Custom field (Affected hardware),Custom field (Affected services),Custom field (Aha! Reference),Custom field (Approvals),Custom field (Approved By),Custom field (Approved By:),Custom field (Atlassian project),Custom field (Atlassian project status),Custom field (Blocked for Dev Time),Custom field (Blocked for QA Time),Custom field (Brightidea Idea Link),Custom field (Brightidea link),Custom field (Bucket),Custom field (CD2 vs. Strategic),Custom field (Category),Custom field (Category),Custom field (CiD),Custom field (CiD Time),Custom field (CiP),Custom field (CiP Time),Custom field (CiT),Custom field (CiT Time),Custom field (Client),Custom field (Client),Custom field (Comments),Custom field (Contract Signature Date),Custom field (Contract Type),Custom field (Contracted Hours),Custom field (Creation Date),Custom field (Customer Release Notes Description),Custom field (Customer Success Manager),Custom field (Customer Type),Custom field (Date of hire),Custom field (Delivery Timeline Requirement),Custom field (Delivery progress),Custom field (Delivery status),Custom field (Department),Custom field (Department),Custom field (Department),Custom field (Department),Custom field (Dependent On),Custom field (Deployment Mode),Custom field (Design Doc Required),Custom field (Design Story Points),Custom field (Designer),Custom field (Dev Ready),Custom field (Dev Ready Time),Custom field (Development),Custom field (Document URL),Custom field (Effort),Custom field (Effort),Custom field (End Date),Custom field (Epic Colour),Custom field (Epic Dependents),Custom field (Epic Name),Custom field (Epic Status),Custom field (Estimated Hours),Custom field (Expected Completion Date),Custom field (Feature),Custom field (Final LoE),Custom field (Focus Areas),Custom field (Functional & Sub-Functional Area(s)),Custom field (Goal impact),Custom field (Goals),Custom field (Hiring manager),Custom field (Idea archived),Custom field (Idea archived on),Custom field (Impact),Custom field (Insights),Custom field (Insights impact),Custom field (Issue Category),Custom field (Issue Type),Custom field (Issue color),Custom field (Issues Caught by QA),Custom field (Job role),Custom field (Linked items),Custom field (Location),Custom field (Locked forms),Custom field (MSA),Custom field (Main Point of Contact),Custom field (Major incident),Custom field (Non-Recurring Automated Data Processing),Custom field (Non-Recurring Custom Reporting),Custom field (Non-Recurring Dedicated Database),Custom field (Non-Recurring Domain Masking),Custom field (Non-Recurring Employee Data Sync),Custom field (Non-Recurring Legacy Data Migration),Custom field (Non-Recurring Multi-Factor Authentication),Custom field (Non-Recurring Requirements Design),Custom field (Non-Recurring SSO),Custom field (Non-Recurring Software Development),Custom field (Non-Recurring TS Other),Custom field (Non-Recurring Third-Party Integration),Custom field (Non-Recurring White Label Mobile),Custom field (Non-Recurring White Label Web),Custom field (Not Met Accept Criteria),Custom field (Open forms),Custom field (Opp ACV),Custom field (Opp ARR),Custom field (Opp TCV),Custom field (Opportunity Open Date),Custom field (Original Story Point),Custom field (Pending reason),Custom field (Planned Closed Month),Custom field (Prioritized on behalf of),Custom field (Probability (%)),Custom field (Product Owner),Custom field (Product Owner)Id,Custom field (Product Story Points),Custom field (Productboard URL),Custom field (Production URL),Custom field (Project overview key),Custom field (Project overview status),Custom field (Proposal Batch),Custom field (Proposal Link),Custom field (Proposal Submission Date),Custom field (Public description),Custom field (QA),Custom field (QA)Id,Custom field (QA Automation Story Points),Custom field (QA Hours Spent),Custom field (QA Story Points),Custom field (QA Type),Custom field (Quarters),Custom field (Quick Quote: Annual (on renewal)),Custom field (Quick Quote: Year 1),Custom field (Rank),Custom field (Ready for LOE),Custom field (Recurring Automated Data Processing),Custom field (Recurring Custom Reporting),Custom field (Recurring Dedicated Database),Custom field (Recurring Domain Masking),Custom field (Recurring Employee Data Sync),Custom field (Recurring Legacy Data Migration),Custom field (Recurring Multi-Factor Authentication),Custom field (Recurring Requirements Design),Custom field (Recurring SSO),Custom field (Recurring Software Development),Custom field (Recurring TS Other),Custom field (Recurring Third-Party Integration),Custom field (Recurring White Label Mobile),Custom field (Recurring White Label Web),Custom field (Reference),Custom field (Regressed By),Custom field (Reopened),Custom field (Request Type),Custom field (Request language),Custom field (Request participants),Custom field (Responders),Custom field (Reviewee),Custom field (Roadmap),Custom field (Rollback Procedure),Custom field (Rollback Procedures:),Custom field (SF Account ID),Custom field (SOW),Custom field (Sales Agent),Custom field (Salesforce Contract),Custom field (Sandbox URL),Satisfaction rating,Custom field (Satisfaction date),Custom field (Scoping Call Date),Custom field (Score),Custom field (Score),Custom field (Sentiment),Custom field (Service Type),Custom field (Severity),Custom field (Short description),Custom field (Solution Level),Custom field (Source ),Sprint,Sprint,Sprint,Sprint,Sprint,Sprint,Sprint,Sprint,Sprint,Custom field (Start Dev),Custom field (Start Dev Time),Custom field (Start Test Time),Custom field (Start date),Custom field (Story Points),Custom field (Story point estimate),Custom field (Submitted forms),Custom field (Subsequent Annual Maintenance),Custom field (System Type),Custom field (TS Total Annual Recurring Revenue),Custom field (TS Total Non-Recurring Revenue),Custom field (Target end),Custom field (Target start),Custom field (Team),Custom field (Test Area),Custom field (Test Cases LOE),Custom field (Test Script Name),Custom field (Testing Notes status),Custom field (Theme),Custom field (Time Spent),Custom field (Time in Status),Custom field (Time to close after resolution),Custom field (Time to first response),Custom field (Time to resolution),Custom field (Total forms),Custom field (Urgency),Custom field (Vulnerability),Custom field (Work category),Custom field (Year 1 Development),Custom field ([CHART] Date of First Response),Custom field ([CHART] Time in Status),Comment,Comment,Comment,Comment,Comment,Comment,Comment,Comment,Comment,Comment,Comment,Comment,Parent,Parent key,Parent summary,Status Category,Status Category Changed
Improve usability of drag and drop for submissions,BPD-42554,92486,Improvement,Product Review,BPD,Brightidea Product Development,software,Katlin Arps,606ddc72c040cd0069e1351c,,,Critical,,Chris Williams,557058:36a329d5-1dbc-4ed0-ab1f-6e9b9d776989,Alex Thorpe,712020:81421233-0fce-4d75-8e45-9c46e545a0ee,Alex Thorpe,712020:81421233-0fce-4d75-8e45-9c46e545a0ee,07/17/25 2:05 PM,07/30/25 8:57 AM,07/29/25 1:38 PM,,07-30-2025,,0,cpm,FrontEnd,Release_Notes,,,Improve the drag and drop experience of re ordering submission questions by optimizing the loading on the page,,Alex Thorpe,Anna Imberti,Chris Williams,Shefali Raje,,,712020:81421233-0fce-4d75-8e45-9c46e545a0ee,557058:a50fad46-9b8e-4f47-bb2e-d4dcbe8d7374,557058:36a329d5-1dbc-4ed0-ab1f-6e9b9d776989,557058:8988ab65-8b5e-4848-94b0-39b7d2d64add,,,,,,,,,,,,,,,,,,,,,,,,,,com.atlassian.servicedesk.plugins.approvals.internal.customfield.ApprovalsCFValue@63e7ac54,,,,,,,,,,,,,,07/18/25 7:18 AM,,,,,,,,,,,,,,,,,,,,,,,,Regular Release,TBD,,,,07/18/25 6:28 AM,"{pullrequest={dataType=pullrequest, state=MERGED, stateCount=1}, json={""cachedValue"":{""errors"":[],""summary"":{""pullrequest"":{""overall"":{""count"":1,""lastUpdated"":""2025-07-22T09:03:35.000-0700"",""stateCount"":1,""state"":""MERGED"",""dataType"":""pullrequest"",""open"":false},""byInstanceType"":{""GitHub"":{""count"":1,""name"":""GitHub""}}}}},""isStale"":true}}",,,,,,,,,,,,,,,,,,,,,,,,,,0.0,,,,,,,,,,,,,,,,,,,,,,0.0,,,,,,,,,CPM - Critical Product Maintenance,,Alex Thorpe,712020:81421233-0fce-4d75-8e45-9c46e545a0ee,,,,,,,,,,Anna Imberti,557058:a50fad46-9b8e-4f47-bb2e-d4dcbe8d7374,,,1.0,,,,,0|i08tvv:,,,,,,,,,,,,,,,,,,,,,,,,,,,,,,,,,,,,,,,,,,Product,Fall '25 Sprint 2,Fall '25 Sprint 3,Fall '25 Sprint 4,,,,,,,,07/18/25 6:29 AM,07/22/25 8:45 AM,,5.0,,,,,,,,,,,,,,,,,,,,,,,,,2025-07-18 21:48:39.088,,07/18/25 2:48 PM;557058:8988ab65-8b5e-4848-94b0-39b7d2d64add;Is this not behind a toggle?,"07/18/25 3:00 PM;557058:36a329d5-1dbc-4ed0-ab1f-6e9b9d776989;No, it’s a single improvement ticket.

_This comment was left via Slack._","07/25/25 9:50 AM;557058:a50fad46-9b8e-4f47-bb2e-d4dcbe8d7374;Verified in QA
This area is  well automated in case of regressions",,,,,,,,,,92484,BPD-42553,Submission Form Ordering Updates - Fall 2025,In Progress,07/22/25 9:04 AM
PHP8 error in participant and admin user imports,BPD-42541,92455,Bug,Product Review,BPD,Brightidea Product Development,software,Katlin Arps,606ddc72c040cd0069e1351c,,,Critical,,Johnny Wong,557058:8769ebde-5d72-4a4e-aaa0-a44fb8121d6d,Johnny Wong,557058:8769ebde-5d72-4a4e-aaa0-a44fb8121d6d,Johnny Wong,557058:8769ebde-5d72-4a4e-aaa0-a44fb8121d6d,07/16/25 3:22 PM,07/30/25 8:57 AM,07/29/25 1:37 PM,,07-30-2025,,0,jira_escalated,Release_Notes,,,,"Followed up from [https://brightidea.jira.com/browse/BPD-42205|https://brightidea.jira.com/browse/BPD-42205|smart-link], we fixed the import scripts from php 8 issues.

There is one more as seen in the cloudwatch logs.

!Screenshot 2025-07-16 at 3.23.52 PM.png|width=1249,height=598,alt=""Screenshot 2025-07-16 at 3.23.52 PM.png""!

And also permission error in another table showing last refresh timestamp.

!Screenshot 2025-07-17 at 3.11.20 PM.png|width=2490,height=690,alt=""Screenshot 2025-07-17 at 3.11.20 PM.png""!",,Adem Cooper,Johnny Wong,,,,,712020:332ba763-687b-43cf-afea-99cbb9211ff0,557058:8769ebde-5d72-4a4e-aaa0-a44fb8121d6d,,,,,time-tracking;07/17/25 4:16 PM;addon_is.origo.jira.tempo-plugin;10800,time-tracking;07/24/25 11:22 AM;addon_is.origo.jira.tempo-plugin;3600,time-tracking;07/29/25 2:28 PM;addon_is.origo.jira.tempo-plugin;7200,time-tracking;07/29/25 2:29 PM;addon_is.origo.jira.tempo-plugin;7200,,,28800,,,,28800,,,,07/16/25 3:24 PM;jwong;Screenshot 2025-07-16 at 3.23.52 PM.png;https://brightidea.jira.com/rest/api/3/attachment/content/89923,07/18/25 9:27 AM;jwong;Screenshot 2025-07-17 at 3.11.20 PM.png;https://brightidea.jira.com/rest/api/3/attachment/content/89938,,,,,,,,com.atlassian.servicedesk.plugins.approvals.internal.customfield.ApprovalsCFValue@10eb5176,,,,,,,,,,,,,,07/17/25 9:10 AM,,,07/16/25 12:00 AM,,,,,,,,,,,,,,,,,,,,,Regular Release,TBD,,,,07/16/25 3:24 PM,"{pullrequest={dataType=pullrequest, state=MERGED, stateCount=1}, json={""cachedValue"":{""errors"":[],""summary"":{""pullrequest"":{""overall"":{""count"":1,""lastUpdated"":""2025-07-22T11:45:49.000-0700"",""stateCount"":1,""state"":""MERGED"",""dataType"":""pullrequest"",""open"":false},""byInstanceType"":{""GitHub"":{""count"":1,""name"":""GitHub""}}}}},""isStale"":true}}",,,,,,,,,,,,,,,,,,,,,,,,,,0.0,,,,,,,,,,,,,,,,,,,,,,0.0,,,,,,,,,Support,,Alex Thorpe,712020:81421233-0fce-4d75-8e45-9c46e545a0ee,1.0,,,,,,,,,Adem Cooper,712020:332ba763-687b-43cf-afea-99cbb9211ff0,,,1.0,,,,,0|i08tsr:,,,,,,,,,,,,,,,,,,,,,,,,,,,,,,,,,,,,,,,,,,Zen Desk,Fall '25 Sprint 1,Fall '25 Sprint 2,Fall '25 Sprint 3,Fall '25 Sprint 4,,,,,,,07/16/25 3:42 PM,07/22/25 8:05 AM,,3.0,,,,,,,,,,,,,,,,,,,,,,,,,2025-07-24 18:22:12.326,,07/24/25 11:22 AM;712020:332ba763-687b-43cf-afea-99cbb9211ff0;Participants on Overall and Engagement are matching in QA. This is as far as I can test this. The rest is up to [~accountid:557058:8769ebde-5d72-4a4e-aaa0-a44fb8121d6d] ,,,,,,,,,,,,78745,BPD-33406,Support Tickets,In Progress,07/22/25 11:46 AM
Add Webm as allowed upload file type,BPD-42524,92388,Improvement,Product Review,BPD,Brightidea Product Development,software,Katlin Arps,606ddc72c040cd0069e1351c,,,Critical,,Chris Williams,557058:36a329d5-1dbc-4ed0-ab1f-6e9b9d776989,Alex Thorpe,712020:81421233-0fce-4d75-8e45-9c46e545a0ee,Alex Thorpe,712020:81421233-0fce-4d75-8e45-9c46e545a0ee,07/15/25 9:27 AM,07/30/25 8:57 AM,07/29/25 1:37 PM,,07-30-2025,,0,Release_Notes,,,,,Add the .webm as an approved file type for all uploaders. This is a video file format that we want to enable.,,Alex Thorpe,Chris Williams,Jason Watts,Shefali Raje,,,712020:81421233-0fce-4d75-8e45-9c46e545a0ee,557058:36a329d5-1dbc-4ed0-ab1f-6e9b9d776989,712020:f335829d-6e92-49e2-ac8a-940f8969b2ca,557058:8988ab65-8b5e-4848-94b0-39b7d2d64add,,,,,,,,,,,,,,,,BPD-42648,07/23/25 1:36 PM;4b862274-d15c-49b9-a9e4-6aac4d924f53;image-20250723-203545.png;https://brightidea.jira.com/rest/api/3/attachment/content/89999,,,,,,,,,com.atlassian.servicedesk.plugins.approvals.internal.customfield.ApprovalsCFValue@4cc62f34,,,,,,,,,,,,,,07/15/25 1:39 PM,,,,,,,,,,,,,,,,,,,,,,,,Regular Release,TBD,,,,07/15/25 1:14 PM,"{pullrequest={dataType=pullrequest, state=MERGED, stateCount=1}, json={""cachedValue"":{""errors"":[],""summary"":{""pullrequest"":{""overall"":{""count"":1,""lastUpdated"":""2025-07-23T12:55:31.000-0700"",""stateCount"":1,""state"":""MERGED"",""dataType"":""pullrequest"",""open"":false},""byInstanceType"":{""GitHub"":{""count"":1,""name"":""GitHub""}}}}},""isStale"":true}}",,,,,,,,,,,,,,,,,,,,,,,,,,0.0,,,,,,,,,,,,,,,,,,,,,,0.0,,,,,,,,,CPM - Critical Product Maintenance,,Alex Thorpe,712020:81421233-0fce-4d75-8e45-9c46e545a0ee,,,,,,,,,,Jason Watts,712020:f335829d-6e92-49e2-ac8a-940f8969b2ca,,,2.0,,,,,0|i08toj:,,,,,,,,,,,,,,,,,,,,,,,,,,,,,,,,,,,,,,,,,,Product,Fall '25 Sprint 2,Fall '25 Sprint 3,Fall '25 Sprint 4,,,,,,,,07/15/25 1:15 PM,07/23/25 10:42 AM,,3.0,,,,,,,,,,,,,,,,,,,,,,,,,2025-07-15 20:15:54.737,,07/15/25 11:20 AM;712020:81421233-0fce-4d75-8e45-9c46e545a0ee;[~accountid:557058:36a329d5-1dbc-4ed0-ab1f-6e9b9d776989] it looks to be for the embedded video player from the zendesk ticket.,"07/15/25 1:15 PM;557058:36a329d5-1dbc-4ed0-ab1f-6e9b9d776989;[~accountid:712020:81421233-0fce-4d75-8e45-9c46e545a0ee] note, I can only fix it going forward as the files need to be uploaded to S3 to play inline (our file server doesn’t return files with a file extension so the browser doesn’t want to play them).","07/15/25 1:17 PM;557058:36a329d5-1dbc-4ed0-ab1f-6e9b9d776989;[~accountid:712020:81421233-0fce-4d75-8e45-9c46e545a0ee] I don’t have access to the zendesk ticket, so I assume we mean inline as in the option we have to display the first video attachment above the idea description?",07/15/25 1:29 PM;557058:8988ab65-8b5e-4848-94b0-39b7d2d64add;[~accountid:557058:a50fad46-9b8e-4f47-bb2e-d4dcbe8d7374] could you please work with Jason for testing this ticket 🙏 ,"07/16/25 8:01 AM;712020:81421233-0fce-4d75-8e45-9c46e545a0ee;[~accountid:557058:36a329d5-1dbc-4ed0-ab1f-6e9b9d776989] yes, I believe that is correct.",07/16/25 8:01 AM;712020:81421233-0fce-4d75-8e45-9c46e545a0ee;[~accountid:557058:36a329d5-1dbc-4ed0-ab1f-6e9b9d776989] that should be fine.,"07/23/25 6:52 AM;712020:f335829d-6e92-49e2-ac8a-940f8969b2ca;[~accountid:557058:36a329d5-1dbc-4ed0-ab1f-6e9b9d776989] Looking at this ticket, I’m trying to understand exactly where you’re trying to ensure the webm video plays “inline”. Above the idea description? Is it something we upload via the File Library and then use that URL somewhere else to embed it?","07/23/25 1:36 PM;712020:f335829d-6e92-49e2-ac8a-940f8969b2ca;Looks good so far. It played just fine after uploading it and submitting a new idea.

!image-20250723-203545.png|width=602,height=423,alt=""image-20250723-203545.png""!",,,,,91841,BPD-42336,CPM Q3 2025,In Progress,07/23/25 12:56 PM
Submission Form Question Showing in Development Action Item,BPD-41951,90891,Bug,Product Review,BPD,Brightidea Product Development,software,Katlin Arps,606ddc72c040cd0069e1351c,,,Critical,,Matthew Cohen,557058:1672b8c7-3f64-480b-92e2-99b585266f6e,Zendesk Support for Jira,557058:a01b4872-0086-4bc3-903e-23f26637afa2,Zendesk Support for Jira,557058:a01b4872-0086-4bc3-903e-23f26637afa2,04/28/25 1:19 PM,07/30/25 8:57 AM,07/29/25 1:37 PM,,07-30-2025,,0,jira_escalated,Release_Notes,,,,"This ticket is a recurrence of BPD-41933

Pipeline: https://bp.brightidea.com/app/pipeline/10601

Action Item: https://bp.brightidea.com/app/action/proposal/486009

Question: ""What problem is this idea addressing?""

~* Please see Zendesk Support tab for further comments and attachments.~",,Adem Cooper,Chris Williams,Matthew Cohen,Zendesk Support for Jira,,,712020:332ba763-687b-43cf-afea-99cbb9211ff0,557058:36a329d5-1dbc-4ed0-ab1f-6e9b9d776989,557058:1672b8c7-3f64-480b-92e2-99b585266f6e,557058:a01b4872-0086-4bc3-903e-23f26637afa2,,,,,,,,,,,,,,,BPD-40434,,,,,,,,,,,com.atlassian.servicedesk.plugins.approvals.internal.customfield.ApprovalsCFValue@588da389,,,,,,,,,,,,,,07/22/25 9:15 AM,,,,,,,,,,,,,,,,,,,,,,,,Regular Release,TBD,,,,07/08/25 5:38 AM,{},,,,,,,,,,,,,,,,,,,,,,,,,,0.0,,,,,,,,,,,,,,,,,,,,,,0.0,,,,,,,,,Support,,Alex Thorpe,712020:81421233-0fce-4d75-8e45-9c46e545a0ee,,,,,,,,,,Adem Cooper,712020:332ba763-687b-43cf-afea-99cbb9211ff0,,,0.0,,,,,0|i08pbf:,,,,,,,,,,,,,,,,,,,,,,,,,,,,,,,,,,,,,,,,,,Zen Desk,Fall '25 Sprint 1,Fall '25 Sprint 2,Fall '25 Sprint 3,Fall '25 Sprint 4,,,,,,,07/17/25 8:40 AM,07/22/25 9:29 AM,,3.0,,,,,,,,,,,,,,,,,,,,,,,,,2025-06-02 20:46:23.186,,"06/02/25 1:46 PM;557058:36a329d5-1dbc-4ed0-ab1f-6e9b9d776989;[~accountid:712020:81421233-0fce-4d75-8e45-9c46e545a0ee] this probably needs to go to a BE dev per [https://brightidea.jira.com/browse/BPD-41933?focusedCommentId=192916|https://brightidea.jira.com/browse/BPD-41933?focusedCommentId=192916|smart-link]  - whether it’s happening here as described or via dupping a pipeline, the fix would still be on the BE.","07/17/25 8:41 AM;557058:1672b8c7-3f64-480b-92e2-99b585266f6e;This is a duplicate ticket going to keep open for client reporting in zendesk: ticket that has pr:

[https://brightidea.jira.com/browse/BPD-41933|https://brightidea.jira.com/browse/BPD-41933|smart-link] ","07/25/25 9:23 AM;712020:332ba763-687b-43cf-afea-99cbb9211ff0;Tested addressed in 

* [BPD-41933|https://brightidea.jira.com/browse/BPD-41933]",,,,,,,,,,90372,BPD-41659,Support Tickets for the Second Quarter 2025,In Progress,07/25/25 9:23 AM
Submission Form Question Appearing on Development Action Item,BPD-41933,90862,Bug,Product Review,BPD,Brightidea Product Development,software,Katlin Arps,606ddc72c040cd0069e1351c,,,Critical,Fixed,Matthew Cohen,557058:1672b8c7-3f64-480b-92e2-99b585266f6e,Zendesk Support for Jira,557058:a01b4872-0086-4bc3-903e-23f26637afa2,Zendesk Support for Jira,557058:a01b4872-0086-4bc3-903e-23f26637afa2,04/23/25 5:59 AM,07/30/25 8:57 AM,07/29/25 1:37 PM,04/23/25 7:14 AM,07-30-2025,,0,jira_escalated,jira_reopened,jira_solved,jira_update,Release_Notes,"Issue:
BP reports that one of the Submission Form questions is appearing on the Development Action Items for this activity: https://bp.brightidea.com/app/pipeline/9753, despite the fact that it is not marked as a Development question and is not available for selection under Configure Development.

Additional Details:
-Customer Loom: https://www.loom.com/share/0552f81dc2f4461a8c55baef5b7eaaed?sid=6b8562ec-92cc-49f9-8ebb-4badf5265469

~* Please see Zendesk Support tab for further comments and attachments.~",,Adem Cooper,Alex Thorpe,Brian Wermerskirchen,Carlos Cajilig,Chris Williams,Zendesk Support for Jira,712020:332ba763-687b-43cf-afea-99cbb9211ff0,712020:81421233-0fce-4d75-8e45-9c46e545a0ee,602ed69a932cc2006999be9d,557058:62d58d5f-1880-40f4-80fa-da162f6e0fdf,557058:36a329d5-1dbc-4ed0-ab1f-6e9b9d776989,557058:a01b4872-0086-4bc3-903e-23f26637afa2,time-tracking;07/22/25 3:18 PM;addon_is.origo.jira.tempo-plugin;7200,time-tracking;07/24/25 11:16 AM;addon_is.origo.jira.tempo-plugin;3600,time-tracking;07/24/25 11:17 AM;addon_is.origo.jira.tempo-plugin;10800,,,,21600,,,,21600,,,,04/23/25 6:00 AM;b2a9ac6d-2d72-4e1d-a238-9a4b5ec60277;Screenshot 2025-04-23 at 7.50.53 AM.png;https://brightidea.jira.com/rest/api/3/attachment/content/88698,04/23/25 6:00 AM;b2a9ac6d-2d72-4e1d-a238-9a4b5ec60277;Screenshot 2025-04-23 at 7.52.43 AM.png;https://brightidea.jira.com/rest/api/3/attachment/content/88697,07/22/25 3:18 PM;b524343c-9c5b-4bdf-bb37-2503ccba71cf;Screenshot 2025-07-22 at 3.14.32 PM.png;https://brightidea.jira.com/rest/api/3/attachment/content/89996,,,,,,,com.atlassian.servicedesk.plugins.approvals.internal.customfield.ApprovalsCFValue@58373eae,,,,,,,,,,,,,,07/22/25 9:11 AM,04/23/25 12:00 AM,,,,,,,,,,,,,,,,,,,,,,,Regular Release,TBD,,,,04/23/25 8:09 AM,"{pullrequest={dataType=pullrequest, state=MERGED, stateCount=2}, json={""cachedValue"":{""errors"":[],""summary"":{""pullrequest"":{""overall"":{""count"":2,""lastUpdated"":""2025-07-23T10:13:57.000-0700"",""stateCount"":2,""state"":""MERGED"",""dataType"":""pullrequest"",""open"":false},""byInstanceType"":{""GitHub"":{""count"":2,""name"":""GitHub""}}}}},""isStale"":true}}",,,,,,,,,,,,,,,,,,,,,,,,,,0.0,,,,,,,,,,,,,,,,,,,,,,0.0,,,,,,,,,Support,,Alex Thorpe,712020:81421233-0fce-4d75-8e45-9c46e545a0ee,,,,,,,,,,Adem Cooper,712020:332ba763-687b-43cf-afea-99cbb9211ff0,3.0,,3.0,,,,,0|i08p5v:,,,,,,,,,,,,,,,,,,Yes,,,,,,,,,,,,,,,,,,,,,,,,Zen Desk,Summer '25 Sprint 2,Summer '25 Sprint 3,Summer '25 Sprint 4,Summer '25 Sp 5 PRE-RELEASE,Summer '25 Sprint 6 RELEASE,Fall '25 Sprint 1,Fall '25 Sprint 2,Fall '25 Sprint 3,Fall '25 Sprint 4,,07/17/25 7:19 AM,07/22/25 9:28 AM,,3.0,,,,,,,,,,,,,,,,10019_*:*_1_*:*_795854_*|*_1_*:*_1_*:*_2984649_*|*_11704_*:*_1_*:*_0_*|*_3_*:*_1_*:*_8385_*|*_11058_*:*_1_*:*_261227,,,,,,,,,2025-04-23 13:55:18.467,10019_*:*_1_*:*_795854_*|*_1_*:*_1_*:*_2984649_*|*_11704_*:*_1_*:*_0_*|*_3_*:*_1_*:*_8385_*|*_11058_*:*_1_*:*_261227,"04/23/25 6:55 AM;557058:36a329d5-1dbc-4ed0-ab1f-6e9b9d776989;[~accountid:712020:81421233-0fce-4d75-8e45-9c46e545a0ee] [~accountid:602ed69a932cc2006999be9d] Alright, should be fixed in the client's system. Some kind of data issue. That question used to be a dependent question and was edited to not be, so it was still in the step config included data, but didn't show up in the list in the step config modal because it was no longer a dependent question. So there's a gap there. Probably need a BE ticket that removes a question from the step config included array when that question is edited to no longer be a dependent question.",04/23/25 7:14 AM;602ed69a932cc2006999be9d;Confirmed that this is fixed now. Thanks [~accountid:557058:36a329d5-1dbc-4ed0-ab1f-6e9b9d776989] ,04/23/25 8:24 AM;712020:81421233-0fce-4d75-8e45-9c46e545a0ee;Thank you [~accountid:557058:36a329d5-1dbc-4ed0-ab1f-6e9b9d776989] !,04/28/25 1:18 PM;602ed69a932cc2006999be9d;This happening again. On site [https://bp.brightidea.com/app/pipeline/10601|https://bp.brightidea.com/app/pipeline/10601] question “What problem is this idea addressing?” is showing as a development question but it is not set as a development question on the submission form. Can we please fix this? [~accountid:712020:81421233-0fce-4d75-8e45-9c46e545a0ee] ,"05/05/25 9:49 AM;557058:62d58d5f-1880-40f4-80fa-da162f6e0fdf;[~accountid:557058:36a329d5-1dbc-4ed0-ab1f-6e9b9d776989] can you please take a look at the customer’s system? [~accountid:602ed69a932cc2006999be9d] I believe you mentioned that the customer is duplicating a Pipeline that has this issue, it may need either a manual update or possibly a migration to fix permanently?","05/05/25 12:21 PM;557058:36a329d5-1dbc-4ed0-ab1f-6e9b9d776989;[~accountid:557058:62d58d5f-1880-40f4-80fa-da162f6e0fdf] [~accountid:602ed69a932cc2006999be9d] fixed again. Yeah, it could be a dup pipeline issue as well. Either way, we need to fix it upstream.",05/05/25 12:30 PM;602ed69a932cc2006999be9d;[~accountid:557058:36a329d5-1dbc-4ed0-ab1f-6e9b9d776989] [~accountid:557058:62d58d5f-1880-40f4-80fa-da162f6e0fdf] is there a fix that would prevent this?,06/09/25 3:14 PM;712020:81421233-0fce-4d75-8e45-9c46e545a0ee;[~accountid:557058:36a329d5-1dbc-4ed0-ab1f-6e9b9d776989] re-opened,"06/10/25 9:07 AM;557058:36a329d5-1dbc-4ed0-ab1f-6e9b9d776989;[~accountid:712020:81421233-0fce-4d75-8e45-9c46e545a0ee] yes, please see: [https://brightidea.jira.com/browse/BPD-41933?focusedCommentId=192916|https://brightidea.jira.com/browse/BPD-41933?focusedCommentId=192916|smart-link] ","07/22/25 3:18 PM;712020:332ba763-687b-43cf-afea-99cbb9211ff0;I was able to reproduce the issue in sandbox. 

Following items are fixed in QA

* Dev question is no longer visible in action item after being removed
* Dev question is no longer included in step config

Found an issue with Manage Development. There is still a reference to the removed dev question in the currently in step view. 

!Screenshot 2025-07-22 at 3.14.32 PM.png|width=2026,height=956,alt=""Screenshot 2025-07-22 at 3.14.32 PM.png""!



[https://brightidea.slack.com/archives/C048TQGPASJ/p1753222875608429|https://brightidea.slack.com/archives/C048TQGPASJ/p1753222875608429|smart-link] ",07/24/25 10:55 AM;712020:332ba763-687b-43cf-afea-99cbb9211ff0;Manage Development is now cleaned up as well.,"07/24/25 3:16 PM;712020:332ba763-687b-43cf-afea-99cbb9211ff0;C128116 - Submission Form Builder - Remove Development Question
Has been updated to cover these issues. ",90372,BPD-41659,Support Tickets for the Second Quarter 2025,In Progress,07/22/25 9:46 AM
Unlink icon shows on hover,BPD-41821,90708,Bug,Product Review,BPD,Brightidea Product Development,software,Katlin Arps,606ddc72c040cd0069e1351c,,,Trivial,,Rob Goldstein,6025ca7941d0db006848ec28,Alex Thorpe,712020:81421233-0fce-4d75-8e45-9c46e545a0ee,Alex Thorpe,712020:81421233-0fce-4d75-8e45-9c46e545a0ee,04/04/25 9:11 AM,07/30/25 8:57 AM,07/29/25 1:36 PM,,07-30-2025,,0,FrontEnd,Release_Notes,,,,"When you hover over the Jira link the unlink icon appears even when it is just the title to navigate to the Jira ticket.

[https://www.loom.com/share/934febb536e94322bd4e5a50bd8b5cdc?sid=a08a6506-7610-4b92-aa5f-943b5bc01bc2|https://www.loom.com/share/934febb536e94322bd4e5a50bd8b5cdc?sid=a08a6506-7610-4b92-aa5f-943b5bc01bc2|smart-link] ",,Alex Thorpe,Anna Imberti,,,,,712020:81421233-0fce-4d75-8e45-9c46e545a0ee,557058:a50fad46-9b8e-4f47-bb2e-d4dcbe8d7374,,,,,,,,,,,,,,,,,,,07/25/25 9:58 AM;akaplich;jira.mp4;https://brightidea.jira.com/rest/api/3/attachment/content/90032,,,,,,,,,com.atlassian.servicedesk.plugins.approvals.internal.customfield.ApprovalsCFValue@66ca73b,,,,,06/02/25 11:56 AM,,,,,,,,,07/21/25 1:16 PM,,,,,,,,,,,,,,,,,,,,,,,,Regular Release,TBD,,,,07/17/25 8:45 AM,"{pullrequest={dataType=pullrequest, state=MERGED, stateCount=1}, json={""cachedValue"":{""errors"":[],""summary"":{""pullrequest"":{""overall"":{""count"":1,""lastUpdated"":""2025-07-22T08:52:04.000-0700"",""stateCount"":1,""state"":""MERGED"",""dataType"":""pullrequest"",""open"":false},""byInstanceType"":{""GitHub"":{""count"":1,""name"":""GitHub""}}}}},""isStale"":true}}",,,,,,,,,,,,,,,,,,,,,,,,,,0.0,,,,,,,,,,,,,,,,,,,,,,0.0,,,,,,,,,Support,,Alex Thorpe,712020:81421233-0fce-4d75-8e45-9c46e545a0ee,,,,,,,,,,Anna Imberti,557058:a50fad46-9b8e-4f47-bb2e-d4dcbe8d7374,,,1.0,,,,,0|i08obv:,,,,,,,,,,,,,,,,,,,,,,,,,,,,,,,,,,,,,,,,,,Product,Summer '25 Sp 5 PRE-RELEASE,Summer '25 Sprint 6 RELEASE,Fall '25 Sprint 1,Fall '25 Sprint 2,Fall '25 Sprint 3,Fall '25 Sprint 4,,,,,07/21/25 8:29 AM,07/22/25 8:45 AM,,2.0,,,,,,,,,,,,,,,,,,,,,,,,,2025-07-25 16:58:31.074,,"07/25/25 9:58 AM;557058:a50fad46-9b8e-4f47-bb2e-d4dcbe8d7374;hovering over the title now shows the hyperlink, no unlink icon displayed (/) 
hovering over the arror icon, shows Unlink tooltip instead of the unlink icon (this is new, but leaving up to Product)
no regressions

!jira.mp4|width=1920,height=1080,alt=""jira.mp4""!",,,,,,,,,,,,90372,BPD-41659,Support Tickets for the Second Quarter 2025,In Progress,07/22/25 8:52 AM
