Summary,Issue key,Issue id,Issue Type,Status,Project key,Project name,Project type,Project lead,Project lead id,Project description,Project url,Priority,Resolution,Assignee,Assignee Id,Reporter,Reporter Id,Creator,Creator Id,Created,Updated,Last Viewed,Resolved,Fix versions,Due date,Votes,Labels,Labels,Labels,Labels,Description,Environment,Watchers,Watchers,Watchers,Watchers,Watchers,Watchers Id,Watchers Id,Watchers Id,Watchers Id,Watchers Id,Original estimate,Remaining Estimate,Time Spent,Work Ratio,Σ Original Estimate,Σ Remaining Estimate,Σ Time Spent,Security Level,Inward issue link (Blocks),Outward issue link (Regresion),Attachment,Attachment,Attachment,Attachment,Custom field (# of Product Reopens),Custom field (# of QA Reopens),Custom field (Actual Completion Date),Custom field (Affected hardware),Custom field (Affected services),Custom field (Aha! Reference),Custom field (Approvals),Custom field (Approved By),Custom field (Approved By:),Custom field (Atlassian project),Custom field (Atlassian project status),Custom field (Blocked for Dev Time),Custom field (Blocked for QA Time),Custom field (Brightidea Idea Link),Custom field (Brightidea link),Custom field (Bucket),Custom field (CD2 vs. Strategic),Custom field (Category),Custom field (Category),Custom field (CiD),Custom field (CiD Time),Custom field (CiP),Custom field (CiP Time),Custom field (CiT),Custom field (CiT Time),Custom field (Client),Custom field (Client),Custom field (Comments),Custom field (Contract Signature Date),Custom field (Contract Type),Custom field (Contracted Hours),Custom field (Creation Date),Custom field (Customer Release Notes Description),Custom field (Customer Success Manager),Custom field (Customer Type),Custom field (Date of hire),Custom field (Delivery Timeline Requirement),Custom field (Delivery progress),Custom field (Delivery status),Custom field (Department),Custom field (Department),Custom field (Department),Custom field (Department),Custom field (Dependent On),Custom field (Deployment Mode),Custom field (Design Doc Required),Custom field (Design Story Points),Custom field (Designer),Custom field (Dev Ready),Custom field (Dev Ready Time),Custom field (Development),Custom field (Document URL),Custom field (Effort),Custom field (Effort),Custom field (End Date),Custom field (Epic Colour),Custom field (Epic Dependents),Custom field (Epic Name),Custom field (Epic Status),Custom field (Estimated Hours),Custom field (Expected Completion Date),Custom field (Feature),Custom field (Final LoE),Custom field (Focus Areas),Custom field (Functional & Sub-Functional Area(s)),Custom field (Goal impact),Custom field (Goals),Custom field (Hiring manager),Custom field (Idea archived),Custom field (Idea archived on),Custom field (Impact),Custom field (Insights),Custom field (Insights impact),Custom field (Issue Category),Custom field (Issue Type),Custom field (Issue color),Custom field (Issues Caught by QA),Custom field (Job role),Custom field (Linked items),Custom field (Location),Custom field (Locked forms),Custom field (MSA),Custom field (Main Point of Contact),Custom field (Major incident),Custom field (Non-Recurring Automated Data Processing),Custom field (Non-Recurring Custom Reporting),Custom field (Non-Recurring Dedicated Database),Custom field (Non-Recurring Domain Masking),Custom field (Non-Recurring Employee Data Sync),Custom field (Non-Recurring Legacy Data Migration),Custom field (Non-Recurring Multi-Factor Authentication),Custom field (Non-Recurring Requirements Design),Custom field (Non-Recurring SSO),Custom field (Non-Recurring Software Development),Custom field (Non-Recurring TS Other),Custom field (Non-Recurring Third-Party Integration),Custom field (Non-Recurring White Label Mobile),Custom field (Non-Recurring White Label Web),Custom field (Not Met Accept Criteria),Custom field (Open forms),Custom field (Opp ACV),Custom field (Opp ARR),Custom field (Opp TCV),Custom field (Opportunity Open Date),Custom field (Original Story Point),Custom field (Pending reason),Custom field (Planned Closed Month),Custom field (Prioritized on behalf of),Custom field (Probability (%)),Custom field (Product Owner),Custom field (Product Owner)Id,Custom field (Product Story Points),Custom field (Productboard URL),Custom field (Production URL),Custom field (Project overview key),Custom field (Project overview status),Custom field (Proposal Batch),Custom field (Proposal Link),Custom field (Proposal Submission Date),Custom field (Public description),Custom field (QA),Custom field (QA)Id,Custom field (QA Automation Story Points),Custom field (QA Hours Spent),Custom field (QA Story Points),Custom field (QA Type),Custom field (Quarters),Custom field (Quick Quote: Annual (on renewal)),Custom field (Quick Quote: Year 1),Custom field (Rank),Custom field (Ready for LOE),Custom field (Recurring Automated Data Processing),Custom field (Recurring Custom Reporting),Custom field (Recurring Dedicated Database),Custom field (Recurring Domain Masking),Custom field (Recurring Employee Data Sync),Custom field (Recurring Legacy Data Migration),Custom field (Recurring Multi-Factor Authentication),Custom field (Recurring Requirements Design),Custom field (Recurring SSO),Custom field (Recurring Software Development),Custom field (Recurring TS Other),Custom field (Recurring Third-Party Integration),Custom field (Recurring White Label Mobile),Custom field (Recurring White Label Web),Custom field (Reference),Custom field (Regressed By),Custom field (Reopened),Custom field (Request Type),Custom field (Request language),Custom field (Request participants),Custom field (Responders),Custom field (Reviewee),Custom field (Roadmap),Custom field (Rollback Procedure),Custom field (Rollback Procedures:),Custom field (SF Account ID),Custom field (SOW),Custom field (Sales Agent),Custom field (Salesforce Contract),Custom field (Sandbox URL),Satisfaction rating,Custom field (Satisfaction date),Custom field (Scoping Call Date),Custom field (Score),Custom field (Score),Custom field (Sentiment),Custom field (Service Type),Custom field (Severity),Custom field (Short description),Custom field (Solution Level),Custom field (Source ),Sprint,Sprint,Sprint,Sprint,Sprint,Sprint,Sprint,Sprint,Sprint,Custom field (Start Dev),Custom field (Start Dev Time),Custom field (Start Test Time),Custom field (Start date),Custom field (Story Points),Custom field (Story point estimate),Custom field (Submitted forms),Custom field (Subsequent Annual Maintenance),Custom field (System Type),Custom field (TS Total Annual Recurring Revenue),Custom field (TS Total Non-Recurring Revenue),Custom field (Target end),Custom field (Target start),Custom field (Team),Custom field (Test Area),Custom field (Test Cases LOE),Custom field (Test Script Name),Custom field (Testing Notes status),Custom field (Theme),Custom field (Time Spent),Custom field (Time in Status),Custom field (Time to close after resolution),Custom field (Time to done),Custom field (Time to first response),Custom field (Time to resolution),Custom field (Total forms),Custom field (Urgency),Custom field (Vulnerability),Custom field (Work category),Custom field (Year 1 Development),Custom field ([CHART] Date of First Response),Custom field ([CHART] Time in Status),Comment,Comment,Comment,Comment,Comment,Comment,Comment,Comment,Comment,Comment,Parent,Parent key,Parent summary,Status Category,Status Category Changed
T&C Not Triggered on VI3,BPD-43335,94035,Bug,Test Complete,BPD,Brightidea Product Development,software,Katlin Arps,606ddc72c040cd0069e1351c,,,Critical,,Chris Williams,557058:36a329d5-1dbc-4ed0-ab1f-6e9b9d776989,Zendesk Support for Jira,557058:a01b4872-0086-4bc3-903e-23f26637afa2,Zendesk Support for Jira,557058:a01b4872-0086-4bc3-903e-23f26637afa2,10/01/25 5:10 PM,11/05/25 1:15 PM,11/05/25 6:31 AM,,11-05-2025,,0,jira_escalated,Release_Notes,,,"Issue:
When Initiative Terms and Conditions are configured to use the System-level T&C, the T&C are not triggered when visiting VI3. When Initiative Terms and Conditions are configured to use Initiative-level T&C, then T&C are triggered when visiting VI3.

Steps to Reproduce:
-Visit https://artemisfinancial.brightidea.com/ user homepage
-Search “Wellness” from global nav
-Click on search result “AI-Powered Wellness Assistant”
-Land on View Idea 3.0
-Click “Home” button on dynamic nav to see that T&C functionality was actually enabled even though View Idea 3.0 page is accessible

The bug is that T&C does not trigger when it should from VI 3.0.

~* Please see Zendesk Support tab for further comments and attachments.~",,Anna Imberti,Zendesk Support for Jira,,,,557058:a50fad46-9b8e-4f47-bb2e-d4dcbe8d7374,557058:a01b4872-0086-4bc3-903e-23f26637afa2,,,,,,,,,,,,,,,,,,,,,,,,com.atlassian.servicedesk.plugins.approvals.internal.customfield.ApprovalsCFValue@6f61305a,,,,,,,,,,,,,,10/03/25 10:32 AM,,,11/04/25 12:00 AM,11/04/25 9:02 AM,,,,,,,,,,,,,,,,,,,,Regular Release,TBD,,,,10/02/25 1:07 PM,"{pullrequest={dataType=pullrequest, state=MERGED, stateCount=1}, json={""cachedValue"":{""errors"":[],""summary"":{""pullrequest"":{""overall"":{""count"":1,""lastUpdated"":""2025-10-29T11:24:59.000-0700"",""stateCount"":1,""state"":""MERGED"",""dataType"":""pullrequest"",""open"":false},""byInstanceType"":{""GitHub"":{""count"":1,""name"":""GitHub""}}}}},""isStale"":true}}",,,,,,,,,,,,,,,,,,,,,,,,,,0.0,,,,,,,,,,,,,,,,,,,,,,0.0,,,,,,,,,Support,,Alex Thorpe,712020:81421233-0fce-4d75-8e45-9c46e545a0ee,1.0,,,,,,,,,Anna Imberti,557058:a50fad46-9b8e-4f47-bb2e-d4dcbe8d7374,,,2.0,,,,,0|i08z6j:,,,,,,,,,,,,,,,,,,,,,,,,,,,,,,,,,,,,,,,,,,Zen Desk,Winter '25 Sprint 1,Winter '25 Sprint 2,Winter '25 Sprint 3,Winter '25 Sprint 4,,,,,,,10/03/25 6:48 AM,10/29/25 9:00 AM,,3.0,,,,,,,,,,,,,,,,,,,,,,,,,,2025-11-03 16:45:53.038,,"11/03/25 8:45 AM;557058:a50fad46-9b8e-4f47-bb2e-d4dcbe8d7374;Verified in QA
regression tested T&C on diff. levels",,,,,,,,,,78745,BPD-33406,Support Tickets,In Progress,10/29/25 11:25 AM
WB > Line > Add red guidelines when resizing,BPD-43302,93991,Improvement,Closed,BPD,Brightidea Product Development,software,Katlin Arps,606ddc72c040cd0069e1351c,,,Critical,Fixed,Tobias Widlund,61605deb99b4b8006ad8e748,Miguel Haber,60f8765eecadb10069e8703a,Miguel Haber,60f8765eecadb10069e8703a,09/26/25 9:56 AM,10/30/25 11:09 AM,,10/29/25 2:48 PM,10-29-2025,,0,Release_Notes,,,,"feedback from dogfood channel [https://brightidea.slack.com/archives/C01T7577EUU/p1758863574837329|https://brightidea.slack.com/archives/C01T7577EUU/p1758863574837329|smart-link] 

h4. Acceptance Criteria 

# Add red guidelines to Lines + Arrows when a user is resizing via a selection handle ",,Anna Imberti,Miguel Haber,,,,557058:a50fad46-9b8e-4f47-bb2e-d4dcbe8d7374,60f8765eecadb10069e8703a,,,,,,,,,,,,,BPD-43614,10/28/25 10:59 AM;ug:417a6dc8-46b2-49a9-a938-82618ff2dccc;Screenshot 2025-10-28 at 1.46.21 PM.png;https://brightidea.jira.com/rest/api/3/attachment/content/91231,,,,,,,,,,com.atlassian.servicedesk.plugins.approvals.internal.customfield.ApprovalsCFValue@1bfa0d5b,,,,,,,,,,,,,,10/02/25 7:39 AM,10/29/25 9:48 PM,10/29/25 2:48 PM,10/28/25 12:00 AM,10/28/25 3:01 PM,,,,,,,,,,,,,,,,,,,,Regular Release,TBD,,,,09/29/25 6:07 PM,"{pullrequest={dataType=pullrequest, state=MERGED, stateCount=1}, json={""cachedValue"":{""errors"":[],""summary"":{""pullrequest"":{""overall"":{""count"":1,""lastUpdated"":""2025-10-15T05:40:23.000-0700"",""stateCount"":1,""state"":""MERGED"",""dataType"":""pullrequest"",""open"":false},""byInstanceType"":{""GitHub"":{""count"":1,""name"":""GitHub""}}}}},""isStale"":true}}",,,,,,,,,,,,,,,,,,,,,,,,,,0.0,,,,,,,,,,,,,,,,,,,,,,0.0,,,,,,,,,Whiteboard,,Miguel Haber,60f8765eecadb10069e8703a,1.0,,,,,,,,,Anna Imberti,557058:a50fad46-9b8e-4f47-bb2e-d4dcbe8d7374,,,1.0,,,,,0|hzzzyr:5i,,,,,,,,,,,,,,,,,,Yes,,,,,,,,,,,,,,,,,,,,,,,,Product,Winter '25 Sprint 1,Winter '25 Sprint 2,Winter '25 Sprint 3,,,,,,,,09/30/25 8:23 PM,10/14/25 8:59 AM,,3.0,,,,,,,,,,,,,,,,10041_*:*_1_*:*_161269871_*|*_10019_*:*_1_*:*_104288468_*|*_1_*:*_1_*:*_8400_*|*_11704_*:*_1_*:*_1041604571_*|*_3_*:*_1_*:*_22721897_*|*_10757_*:*_1_*:*_74464965_*|*_4_*:*_1_*:*_13469736_*|*_11058_*:*_1_*:*_288666646_*|*_10035_*:*_1_*:*_94515865_*|*_10056_*:*_2_*:*_165716321_*|*_10257_*:*_1_*:*_448942747_*|*_11700_*:*_1_*:*_453027149_*|*_10259_*:*_1_*:*_0,,,,,,,,,,2025-10-22 15:20:14.875,10041_*:*_1_*:*_161269871_*|*_10019_*:*_1_*:*_104288468_*|*_1_*:*_1_*:*_8400_*|*_11704_*:*_1_*:*_1041604571_*|*_3_*:*_1_*:*_22721897_*|*_10757_*:*_1_*:*_74464965_*|*_4_*:*_1_*:*_13469736_*|*_11058_*:*_1_*:*_288666646_*|*_10035_*:*_1_*:*_94515865_*|*_10056_*:*_2_*:*_165716321_*|*_10257_*:*_1_*:*_448942747_*|*_11700_*:*_1_*:*_453027149_*|*_10259_*:*_1_*:*_0,10/22/25 8:20 AM;557058:a50fad46-9b8e-4f47-bb2e-d4dcbe8d7374;Verified in QA,"10/28/25 10:59 AM;60f8765eecadb10069e8703a;might have found an issue on this ticket, can you verify [~accountid:557058:a50fad46-9b8e-4f47-bb2e-d4dcbe8d7374] or [~accountid:61605deb99b4b8006ad8e748] ?

!Screenshot 2025-10-28 at 1.46.21 PM.png|width=750,alt=""Screenshot 2025-10-28 at 1.46.21 PM.png""!",10/28/25 3:01 PM;60f8765eecadb10069e8703a;i can no long repro the issue,,,,,,,,77600,BPD-32584,WB > Micro interactions,Done,10/29/25 2:48 PM
Not all Development questions are editable for evaluators,BPD-43097,93638,Bug,Closed,BPD,Brightidea Product Development,software,Katlin Arps,606ddc72c040cd0069e1351c,,,Critical,Fixed,Chris Williams,557058:36a329d5-1dbc-4ed0-ab1f-6e9b9d776989,Brian Wermerskirchen,602ed69a932cc2006999be9d,Zendesk Support for Jira,557058:a01b4872-0086-4bc3-903e-23f26637afa2,09/04/25 6:20 AM,10/30/25 12:04 PM,10/30/25 12:02 PM,10/30/25 12:04 PM,10-29-2025,,0,jira_escalated,Release_Notes,,,"On site https://hi.bearingpoint.com/app/pipeline/2441 evaluators can edit some development questions but not others. I can see no reason why the users cannot edit some fields as they should be able to.

For example, logging in as user andreea.alexandrache@bearingpoint.com to this idea: https://hi.bearingpoint.com/D3886

The user can edit the first several development questions but cannot edit questions B1 or B2, among others.

~* Please see Zendesk Support tab for further comments and attachments.~",,Chris Williams,Zendesk Support for Jira,,,,557058:36a329d5-1dbc-4ed0-ab1f-6e9b9d776989,557058:a01b4872-0086-4bc3-903e-23f26637afa2,,,,,,,,,,,,,,,,,,,,,,,,com.atlassian.servicedesk.plugins.approvals.internal.customfield.ApprovalsCFValue@79b6dd3c,,,,,,,,,,,,,,10/06/25 11:22 AM,10/29/25 10:27 PM,10/29/25 3:27 PM,10/28/25 12:00 AM,10/28/25 7:39 AM,,,,,,,,,,,,,,,,,,,,Regular Release,TBD,,,,10/06/25 10:36 AM,"{pullrequest={dataType=pullrequest, state=MERGED, stateCount=1}, json={""cachedValue"":{""errors"":[],""summary"":{""pullrequest"":{""overall"":{""count"":1,""lastUpdated"":""2025-10-20T10:42:31.000-0700"",""stateCount"":1,""state"":""MERGED"",""dataType"":""pullrequest"",""open"":false},""byInstanceType"":{""GitHub"":{""count"":1,""name"":""GitHub""}}}}},""isStale"":true}}",,,,,,,,,,,,,,,,,,,,,,,,,,0.0,,,,,,,,,,,,,,,,,,,,,,0.0,,,,,,,,,Support,,Alex Thorpe,712020:81421233-0fce-4d75-8e45-9c46e545a0ee,1.0,,,,,,,,,Shefali Raje,557058:8988ab65-8b5e-4848-94b0-39b7d2d64add,,,1.5,,,,,0|hzzzyx:,,,,,,,,,,,,,,,,,,,,,,,,,,,,,,,,,,,,,,,,,,Zen Desk,Winter '25 Sprint 1,Winter '25 Sprint 2,Winter '25 Sprint 3,,,,,,,,10/06/25 10:37 AM,10/20/25 10:41 AM,,3.0,,,,,,,,,,,,,,,,10019_*:*_1_*:*_1206093_*|*_1_*:*_1_*:*_2275502673_*|*_11704_*:*_1_*:*_1207122497_*|*_3_*:*_1_*:*_1547005_*|*_10757_*:*_1_*:*_41452087_*|*_10041_*:*_1_*:*_442724222_*|*_11058_*:*_1_*:*_504692364_*|*_10056_*:*_1_*:*_114479516_*|*_10257_*:*_1_*:*_64145800_*|*_11700_*:*_1_*:*_131932990_*|*_10259_*:*_1_*:*_0,,,,,,,,,,2025-10-06 17:41:04.63,10019_*:*_1_*:*_1206093_*|*_1_*:*_1_*:*_2275502673_*|*_11704_*:*_1_*:*_1207122497_*|*_3_*:*_1_*:*_1547005_*|*_10757_*:*_1_*:*_41452087_*|*_10041_*:*_1_*:*_442724222_*|*_11058_*:*_1_*:*_504692364_*|*_10056_*:*_1_*:*_114479516_*|*_10257_*:*_1_*:*_64145800_*|*_11700_*:*_1_*:*_131932990_*|*_10259_*:*_1_*:*_0,"10/06/25 10:41 AM;557058:36a329d5-1dbc-4ed0-ab1f-6e9b9d776989;[~accountid:712020:81421233-0fce-4d75-8e45-9c46e545a0ee] [~accountid:602ed69a932cc2006999be9d] a few things here. This user is a submitter, not an evaluator (no evaluators for the step this idea is in). Editable development questions is not turned on for this initiative. I see a bug where text questions are editable regardless that option being enabled or disabled. If I fix that bug, then that user won’t be able to edit any of the development questions. If they want that user to be able to edit them, then we would need to enable editable development questions. Does that make sense?",,,,,,,,,,78745,BPD-33406,Support Tickets,Done,10/29/25 3:27 PM
Email sent from rules engine sending broken link to idea,BPD-40211,88299,Bug,Test Complete,BPD,Brightidea Product Development,software,Katlin Arps,606ddc72c040cd0069e1351c,,,Critical,Fixed,Matthew Cohen,557058:1672b8c7-3f64-480b-92e2-99b585266f6e,Brian Wermerskirchen,602ed69a932cc2006999be9d,Zendesk Support for Jira,557058:a01b4872-0086-4bc3-903e-23f26637afa2,10/24/24 7:29 AM,11/04/25 9:01 AM,,04/17/25 11:05 AM,11-05-2025,,0,jira_escalated,jira_solved,jira_update,Release_Notes,"On site https://bupa.brightidea.com/app/pipeline/16597/configure/rules the rule titled ""Implemented Email"" sends a message that uses the Idea_URL dynamic field. When I test this I get the URL with the idea code but the client is getting a long URL for the idea that is going to a 404 error.

Can we determine why the message is different for the client than what we are getting?

Here is how email looks for the client:

Hi Andrew Martin,

What a success story!

Your submission ""New ideai"" from Cromwell CX Improvements has been implemented.

Head on over to https://bupa.brightidea.com/ct/ct_a_view_idea.php?c=D3696944-0F36-11EB-8524-0EE235045613&idea_id=6527F602-913F-11EF-A11F-0ED5C2D8E0FF and see your implemented idea in all it's glory.

Why not spread the word about your improvement and share on the Customer Hub? We love hearing about your achievements and you might inspire others.

Cromwell CX team

But I get the email like this:

Hi bwermerskirchen,

What a success story!

Your submission ""Brightidea Test"" from Cromwell CX Improvements has been implemented.

Head on over to https://bupa.brightidea.com/D39043 and see your implemented idea in all it's glory.

Why not spread the word about your improvement and share on the Customer Hub? We love hearing about your achievements and you might inspire others.

Cromwell CX team

~* Please see Zendesk Support tab for further comments and attachments.~",,Anna Imberti,Brian Wermerskirchen,Cay Colombo,Matthew Cohen,Zendesk Support for Jira,557058:a50fad46-9b8e-4f47-bb2e-d4dcbe8d7374,602ed69a932cc2006999be9d,712020:65b3a058-58a4-4e23-9286-54bdf5bf2b68,557058:1672b8c7-3f64-480b-92e2-99b585266f6e,557058:a01b4872-0086-4bc3-903e-23f26637afa2,,,,,,,,,BPD-40287,,06/19/25 6:52 AM;b2a9ac6d-2d72-4e1d-a238-9a4b5ec60277;Screenshot 2025-06-19 at 08.09.21.png;https://brightidea.jira.com/rest/api/3/attachment/content/89471,06/19/25 6:52 AM;b2a9ac6d-2d72-4e1d-a238-9a4b5ec60277;Screenshot 2025-06-19 at 08.20.56.png;https://brightidea.jira.com/rest/api/3/attachment/content/89470,06/19/25 6:52 AM;b2a9ac6d-2d72-4e1d-a238-9a4b5ec60277;Screenshot 2025-06-19 at 08.21.04.png;https://brightidea.jira.com/rest/api/3/attachment/content/89469,10/01/25 8:20 AM;b2a9ac6d-2d72-4e1d-a238-9a4b5ec60277;Screenshot 2025-10-01 at 13.18.00.png;https://brightidea.jira.com/rest/api/3/attachment/content/90907,,,,,,,com.atlassian.servicedesk.plugins.approvals.internal.customfield.ApprovalsCFValue@5507e9de,,,,,04/03/25 11:54 AM,,,,,,,,,10/07/25 6:49 AM,,,11/04/25 12:00 AM,11/04/25 9:01 AM,,,,,,,,,,,,,,,,,,,,Regular Release,TBD,,,,02/13/25 8:15 AM,"{pullrequest={dataType=pullrequest, state=MERGED, stateCount=4}, json={""cachedValue"":{""errors"":[],""summary"":{""pullrequest"":{""overall"":{""count"":4,""lastUpdated"":""2025-11-03T10:46:15.000-0800"",""stateCount"":4,""state"":""MERGED"",""dataType"":""pullrequest"",""open"":false},""byInstanceType"":{""GitHub"":{""count"":4,""name"":""GitHub""}}}}},""isStale"":true}}",,,,,,,,,,,,,,,,,,,,,,,,,,0.0,,,,,,,,,,,,,,,,,,,,,,0.0,,,,,,,,,Support,,Alex Thorpe,712020:81421233-0fce-4d75-8e45-9c46e545a0ee,1.0,,,,,,,,,Anna Imberti,557058:a50fad46-9b8e-4f47-bb2e-d4dcbe8d7374,,,1.0,,,,,0|i08gbr:,,,,,,,,,,,,,,,,,,Yes,,,,,,,,,,,,,,,,,,,,,,,,Zen Desk,Spring '25 Sprint 2,Spring '25 Sprint 3,Spring '25 Sprint 4,Summer '25 Sprint 1,Summer '25 Sprint 2,Winter '25 Sprint 1,Winter '25 Sprint 2,Winter '25 Sprint 3,Winter '25 Sprint 4,,09/26/25 10:52 AM,11/03/25 11:57 AM,,2.0,,,,,,,,,,,,,,,,10657_*:*_1_*:*_2029309_*|*_1_*:*_1_*:*_4670730957_*|*_11833_*:*_1_*:*_0_*|*_3_*:*_3_*:*_772883963_*|*_10010_*:*_1_*:*_410461001_*|*_11058_*:*_1_*:*_1498298869_*|*_10035_*:*_2_*:*_6999699830,,,,,,,,,,2024-11-14 15:39:21.142,10657_*:*_1_*:*_2029309_*|*_1_*:*_1_*:*_4670730957_*|*_11833_*:*_1_*:*_0_*|*_3_*:*_3_*:*_772883963_*|*_10010_*:*_1_*:*_410461001_*|*_11058_*:*_1_*:*_1498298869_*|*_10035_*:*_2_*:*_6999699830,"11/14/24 7:39 AM;712020:65b3a058-58a4-4e23-9286-54bdf5bf2b68;BUPA has reported an additional occurrence in this activity: [https://bupa.brightidea.com/app/pipeline/16086/configure/rules|https://bupa.brightidea.com/app/pipeline/16086/configure/rules|smart-link]  and rule 6 & 7 they have configured to send an email with a link to IDEA URL. But once clicking that link in the email, the user gets Error 404 - Bad link (see attached).","12/12/24 7:03 AM;602ed69a932cc2006999be9d;Another report of the issue. The link is broken:

From: Bupa Ideas <[noreply@brightidea.com|mailto:noreply@brightidea.com]>
Sent: 12 December 2024 11:43
To: Andrew Martin <[Andrew.Martin@Cromwellhospital.com|mailto:Andrew.Martin@Cromwellhospital.com]>
Subject: Cromwell Customer Experience: It's on!

Please be aware. This email originated from outside Cromwell Hospital. Please do not click on links or open attachments unless you recognise the sender and know the content is safe. If you are still unsure please contact the service desk. Thank you.
Hi Andrew Martin,

Thank you for submitting your in progress customer experience improvement.

Your time and effort is vital as we build towards becoming the world’s most customer-centric healthcare company.

You can see your initiative here: http:///D42743<[http://D42743|http://d42743/]> . Please remember to update its status once it has been completed.

Best of luck – we can’t wait to see the outcome.

Thanks,
Cromwell CX team","04/03/25 11:59 AM;557058:1672b8c7-3f64-480b-92e2-99b585266f6e;[~accountid:712020:81421233-0fce-4d75-8e45-9c46e545a0ee] [~accountid:602ed69a932cc2006999be9d] I need more info on this, would be useful if we can get a more recent example of the error occurring.  I have not been able to reproduce the issue.



The example provided was an idea that got deleted, as well as from a campaign that no longer exists.



I believe we have done some work in this area here: [https://brightidea.jira.com/browse/BPD-35332|https://brightidea.jira.com/browse/BPD-35332|smart-link] 

but this fix does pre-date the reported issue.","04/03/25 12:28 PM;557058:1672b8c7-3f64-480b-92e2-99b585266f6e;[~accountid:557058:1672b8c7-3f64-480b-92e2-99b585266f6e] 

[https://brightidea.jira.com/browse/BPD-40287|https://brightidea.jira.com/browse/BPD-40287|smart-link] 

This appears related maybe this will provide more details for this ticket",04/03/25 4:43 PM;557058:1672b8c7-3f64-480b-92e2-99b585266f6e;[~accountid:712020:81421233-0fce-4d75-8e45-9c46e545a0ee] [~accountid:602ed69a932cc2006999be9d] I believe if there is an issue here it will be fixed with the fix made for : [https://brightidea.jira.com/browse/BPD-40287|https://brightidea.jira.com/browse/BPD-40287|smart-link] ,"06/19/25 6:52 AM;712020:65b3a058-58a4-4e23-9286-54bdf5bf2b68;Reopening as this issue has popped up again: 

{quote}This seems to happen again rule nr.17 but this activity here [https://bupa.brightidea.com/app/pipeline/23823/configure/rules|https://bupa.brightidea.com/app/pipeline/23823/configure/rules|smart-link]  we using the dynamic field [IDEA_URL] and the URL isn't coming through as a clickable link in the email, also giving 404 -Bad Link (see attached). 

When I set up the rules (which there are lots with emails) I copy and pasted a few. Does this stop the Idea URL from showing as a clickable link? Tested remove and add the '[IDEA_URL]' via the dropdown instead of copy paste, but still not working?{quote}

!Screenshot 2025-06-19 at 08.09.21.png|width=915,height=521,alt=""Screenshot 2025-06-19 at 08.09.21.png""!

!Screenshot 2025-06-19 at 08.21.04.png|width=976,height=466,alt=""Screenshot 2025-06-19 at 08.21.04.png""!

!Screenshot 2025-06-19 at 08.20.56.png|width=967,height=430,alt=""Screenshot 2025-06-19 at 08.20.56.png""!","09/09/25 7:46 AM;712020:65b3a058-58a4-4e23-9286-54bdf5bf2b68;Issue persists across multiple pipelines:

This is happening for another activity also here [https://bupa.brightidea.com/app/pipeline/22929/configure/rules|https://bupa.brightidea.com/app/pipeline/22929/configure/rules|smart-link]  rule nr.16 when idea moves to 'in progress (CO)' send email with the dynamic field [IDEA_URL]. Tested with a demo idea and for me the link works (given a short url, see attached), for the client, she get a long URL with the campaign id and given her a 404 error (see attached 2). Could you help me make sure the user can access the idea link?","09/29/25 8:18 AM;712020:65b3a058-58a4-4e23-9286-54bdf5bf2b68;[~accountid:557058:1672b8c7-3f64-480b-92e2-99b585266f6e]  Issue continues to persist across multiple pipelines. Note sure if this is helpful- See notes from customer:

{quote} 
Seems that this happening for a lot of activities that my client Hannah is building. I know she mention that she has copy paste the email text, but I have tested remove formatting, and this, for me the link in email is always short and working, but for the client a long URL given 404. See a new user error attached from the team{quote}","10/01/25 8:20 AM;712020:65b3a058-58a4-4e23-9286-54bdf5bf2b68;{quote}[~accountid:557058:1672b8c7-3f64-480b-92e2-99b585266f6e] More info from customer:

Another person raised this issue, still Bupa enterprise, but from another activity experience the same. The [IDEA_URL] giving the user this long link:

[https://bupa.brightidea.com/ct/ct_a_view_idea.php?c=65F9CB4E-7388-11F0-A012-0ED5C2D8E0FF&idea_id=180641CD-9AEE-11F0-A012-0ED5C2D8E0FF|https://bupa.brightidea.com/ct/ct_a_view_idea.php?c=65F9CB4E-7388-11F0-A012-0ED5C2D8E0FF&idea_id=180641CD-9AEE-11F0-A012-0ED5C2D8E0FF|smart-link] 

For all print screens I see 'Please be aware. This email originated from outside Bupa. Do not click on links or open attachments unless you recognise the sender and know the content is safe.' Could this be a setting for the clients inbox or some plugin affecting links?

Kind regards,
Anna

!Screenshot 2025-10-01 at 13.18.00.png|width=644,alt=""Screenshot 2025-10-01 at 13.18.00.png""!{quote}","11/03/25 11:56 AM;557058:a50fad46-9b8e-4f47-bb2e-d4dcbe8d7374;automation found two regressions
fixed",78745,BPD-33406,Support Tickets,In Progress,11/03/25 11:57 AM
